City_ID,City,Lat,Lng,Max Temp,Humidity,Cloudiness,Wind Speed,Country,Date
0,patarra,9.8807,-84.035,21.7,82,100,1.34,CR,1691379314
1,port-aux-francais,-49.35,70.2167,6.47,90,100,14.88,TF,1691379314
2,puerto natales,-51.7236,-72.4875,-1.29,85,89,1.61,CL,1691379314
3,qaqortoq,60.7167,-46.0333,4.64,92,34,1.2,GL,1691379314
4,ushuaia,-54.8,-68.3,-3.16,95,99,2.14,AR,1691379315
5,grafton,42.207,-71.6856,20.4,83,0,3.6,US,1691379315
6,papatowai,-46.5619,169.4708,5.11,92,100,8.27,NZ,1691379316
7,adamstown,-25.066,-130.1015,20.7,67,40,7.11,PN,1691379316
8,utrik,11.2278,169.8474,28.51,76,100,7.53,MH,1691379316
9,pompeia,-22.1086,-50.1717,17.84,37,0,1.8,BR,1691379316
10,qorovulbozor,39.5006,64.7936,28.84,20,1,4.51,UZ,1691379317
11,waitangi,-43.9535,-176.5597,8.79,81,97,0.89,NZ,1691379317
12,punta arenas,-53.15,-70.9167,1.89,68,83,6.26,CL,1691379318
13,olonkinbyen,70.9221,-8.7187,3.94,83,95,7.85,SJ,1691379318
14,albany,42.6001,-73.9662,19.26,80,100,1.35,US,1691379318
15,pemangkat,1.1667,108.9667,27.56,77,81,0.93,ID,1691379318
16,coquimbo,-29.9533,-71.3436,13.85,76,0,1.54,CL,1691379319
17,tyukhtet,56.5389,89.3011,20.92,44,58,1.31,RU,1691379319
18,pauini,-7.7136,-66.9764,26.6,54,100,0.53,BR,1691379320
19,enewetak,11.3474,162.3373,28.71,69,64,3.86,MH,1691379320
20,longyearbyen,78.2186,15.6401,9.91,71,75,2.06,SJ,1691379320
21,port blair,11.6667,92.75,30.02,79,40,6.17,IN,1691379321
22,alofi,-19.0595,-169.9187,25.94,83,75,3.09,NU,1691379321
23,obudu,6.6674,9.1716,21.91,99,100,1.51,NG,1691379321
24,rouissat,31.9243,5.3502,29.04,26,0,2.57,DZ,1691379321
25,port alfred,-33.5906,26.891,14.61,82,2,2.72,ZA,1691379322
26,saldanha,-33.0117,17.9442,12.03,88,0,2.71,ZA,1691379322
27,grytviken,-54.2811,-36.5092,-5.78,95,100,4.26,GS,1691379322
28,bilibino,68.0546,166.4372,1.68,89,100,3.46,RU,1691379322
29,new norfolk,-42.7826,147.0587,14.95,49,99,1.6,AU,1691379323
30,port elizabeth,-33.918,25.5701,13.16,82,75,1.03,ZA,1691379323
31,vologda,59.2187,39.8886,21.27,80,0,2.71,RU,1691379323
32,smithers,54.7804,-127.1743,20.18,64,40,3.6,CA,1691379324
33,mejit,10.2753,170.8646,28.45,76,100,8.78,MH,1691379324
34,edinburgh of the seven seas,-37.0676,-12.3116,11.49,56,35,13.57,SH,1691379324
35,sur,22.5667,59.5289,31.25,59,57,3.49,OM,1691379324
36,miguel ahumada,30.6167,-106.5167,35.0,17,49,2.62,MX,1691379325
37,lebu,-37.6167,-73.65,9.04,85,1,2.42,CL,1691379325
38,margaret river,-33.95,115.0667,16.38,70,17,6.77,AU,1691379326
39,bethel,41.3712,-73.414,22.58,81,0,2.57,US,1691379327
40,espumoso,-28.7247,-52.8497,16.7,75,11,2.42,BR,1691379327
41,invercargill,-46.4,168.35,5.33,87,100,5.34,NZ,1691379327
42,palmas,-10.2128,-48.3603,23.93,57,0,0.51,BR,1691379327
43,bredasdorp,-34.5322,20.0403,9.03,95,0,1.49,ZA,1691379328
44,college,64.8569,-147.8028,26.97,47,75,2.57,US,1691379328
45,ilulissat,69.2167,-51.1,7.01,65,33,1.03,GL,1691379328
46,senillosa,-39.0,-68.4167,4.88,32,0,5.6,AR,1691379329
47,chonchi,-42.6128,-73.8092,1.73,94,29,0.24,CL,1691379329
48,aykhal,66.0,111.5,17.82,35,100,5.45,RU,1691379236
49,san patricio,28.017,-97.5169,29.92,80,3,6.19,US,1691379329
50,beaufort west,-32.3567,22.583,10.87,65,0,1.79,ZA,1691379330
51,port mathurin,-19.6833,63.4167,21.99,65,95,10.79,MU,1691379330
52,afaahiti,-17.75,-149.2833,25.93,74,55,4.06,PF,1691379330
53,saint-pierre,-21.3393,55.4781,20.82,73,0,9.77,RE,1691379330
54,levuka,50.1834,-105.4011,16.9,34,77,0.73,CA,1691379331
55,macia,-25.0269,33.0989,13.38,88,0,0.93,MZ,1691379331
56,vilyuchinsk,52.9306,158.4028,17.15,75,100,3.31,RU,1691379331
57,rio hato,8.3833,-80.1667,23.04,85,100,3.13,PA,1691379332
58,verkhnevilyuysk,63.4453,120.3167,25.0,35,39,2.79,RU,1691379332
59,tha khanon,9.0302,98.9529,32.38,55,100,3.4,TH,1691379091
60,geraldton,-28.7667,114.6,21.23,73,100,0.51,AU,1691379235
61,cha-am,12.8,99.9667,33.36,58,20,3.6,TH,1691379104
62,klyuchi,52.2667,79.1667,22.48,39,0,5.29,RU,1691379333
63,colares,38.7992,-9.4469,27.55,56,0,4.05,PT,1691379333
64,longgang,37.6508,120.3286,24.55,74,34,8.35,CN,1691379334
65,yellowknife,62.456,-114.3525,17.29,59,75,4.12,CA,1691379334
66,iskateley,67.6803,53.1512,11.64,93,100,5.32,RU,1691379334
67,ivanovskoye,44.5795,41.8764,24.72,57,0,1.6,RU,1691379335
68,hermanus,-34.4187,19.2345,12.11,86,0,3.24,ZA,1691379335
69,phan thiet,10.9333,108.1,30.97,65,7,6.92,VN,1691379336
70,pisco,-13.7,-76.2167,19.03,77,0,6.17,PE,1691379329
71,keflavik,64.0049,-22.5624,11.24,93,75,2.06,IS,1691379336
72,badger,64.8,-147.5333,26.93,48,100,2.57,US,1691379337
73,chibougamau,49.9168,-74.3659,14.79,88,0,1.03,CA,1691379337
74,iqaluit,63.7506,-68.5145,6.85,87,75,1.03,CA,1691379337
75,whitehorse,60.7161,-135.0538,27.43,28,75,6.17,CA,1691379337
76,harper,4.375,-7.7169,24.75,81,88,3.31,LR,1691379338
77,fale old settlement,-9.3852,-171.2468,28.46,69,13,5.32,TK,1691379338
78,aasiaat,68.7098,-52.8699,0.54,74,80,2.37,GL,1691379338
79,tomatlan,19.9333,-105.25,24.31,98,100,1.99,MX,1691379338
80,juan de ayolas,-27.4,-56.9,25.04,41,90,3.38,PY,1691379339
81,praia da vitoria,38.7333,-27.0667,23.14,83,40,3.88,PT,1691379339
82,nar'yan-mar,67.6713,53.087,11.68,93,100,5.4,RU,1691379077
83,kodiak,57.79,-152.4072,11.73,94,100,2.57,US,1691379339
84,bandarbeyla,9.4942,50.8122,25.89,70,12,13.07,SO,1691379340
85,hamilton,39.1834,-84.5333,23.89,82,0,2.06,US,1691379340
86,kourou,5.1552,-52.6478,25.03,92,6,3.37,GF,1691379340
87,ketchikan,55.3422,-131.6461,19.26,82,40,3.6,US,1691379341
88,massaguet,12.4755,15.4365,24.78,83,100,4.13,TD,1691379341
89,aur,8.1499,171.1687,26.55,88,100,8.73,MH,1691379341
90,sao gabriel da cachoeira,-0.1303,-67.0892,23.27,95,63,0.51,BR,1691379342
91,blackmans bay,-43.0167,147.3167,14.29,63,98,0.58,AU,1691379342
92,nuku'alofa,-21.1333,-175.2,24.19,78,75,7.2,TO,1691379342
93,gizo,-8.103,156.8419,26.09,84,96,7.33,SB,1691379343
94,ust-nera,64.5667,143.2,12.87,34,19,2.92,RU,1691379343
95,nikolayevsk-on-amure,53.1406,140.73,28.31,31,3,3.99,RU,1691379343
96,suva,-18.1416,178.4415,27.71,74,75,3.09,FJ,1691379053
97,murashi,59.3999,48.9615,19.31,71,9,2.7,RU,1691379344
98,stanley,54.868,-1.6985,9.3,95,20,1.03,GB,1691379168
99,linfen,36.0889,111.5189,29.32,59,100,0.45,CN,1691379344
100,kachug,53.9606,105.8817,17.88,86,100,1.57,RU,1691379345
101,cidreira,-30.1811,-50.2056,19.32,73,45,2.24,BR,1691379345
102,flying fish cove,-10.4217,105.6791,25.82,83,100,5.66,CX,1691379345
103,haiku-pauwela,20.9219,-156.3051,27.32,58,40,9.26,US,1691379346
104,faya-largeau,17.9257,19.1043,30.55,55,93,4.61,TD,1691379346
105,avarua,-21.2078,-159.775,23.03,88,75,1.54,CK,1691379346
106,pionerskiy,54.9508,20.2275,17.91,83,100,8.44,RU,1691379347
107,st. john's,47.5649,-52.7093,15.15,96,100,4.47,CA,1691379347
108,west end,26.6833,-78.9667,29.94,74,17,5.16,BS,1691379347
109,barcelos,41.5388,-8.6151,18.08,47,0,2.66,PT,1691379347
110,palikir - national government center,6.9248,158.1611,30.41,74,100,4.63,FM,1691379348
111,grootfontein,-19.5667,18.1167,2.76,65,0,0.51,NA,1691379348
112,hatillo,18.4863,-66.8254,28.93,90,53,5.69,PR,1691379348
113,talnakh,69.4865,88.3972,23.05,38,0,1.59,RU,1691379349
114,al jawf,29.5,38.75,24.19,29,0,3.13,SA,1691379349
115,vitoria da conquista,-14.8661,-40.8394,13.06,92,0,1.74,BR,1691379349
116,fort st. john,56.2499,-120.8529,21.94,53,75,4.12,CA,1691379350
117,uturoa,-16.7333,-151.4333,26.17,73,86,4.56,PF,1691379350
118,ascension,30.2169,-90.9001,30.67,81,0,1.54,US,1691379350
119,nova vicosa,-17.8919,-39.3719,21.19,82,42,2.9,BR,1691379350
120,santa marta,11.2408,-74.199,30.5,73,68,4.12,CO,1691379351
121,colonia menno,-22.3667,-59.8167,27.92,36,0,4.26,PY,1691379351
122,rikaze,29.25,88.8833,18.82,43,91,1.3,CN,1691379199
123,petropavlovsk-kamchatsky,53.0452,158.6483,16.33,88,75,0.0,RU,1691379061
124,guercif,34.2257,-3.3536,24.48,39,86,1.04,MA,1691379352
125,sotkamo,64.1333,28.4167,18.01,79,50,4.51,FI,1691379352
126,kupang,-10.1667,123.5833,31.32,37,20,8.23,ID,1691379352
127,kuching,1.55,110.3333,30.12,69,40,2.57,MY,1691379353
128,saint-joseph,-21.3667,55.6167,20.21,69,21,6.82,RE,1691379353
129,harnai,30.1005,67.9374,33.43,29,11,1.85,PK,1691379354
130,brookings,44.3114,-96.7984,18.99,96,0,2.06,US,1691379354
131,port saint john's,-31.6229,29.5448,18.91,84,93,4.57,ZA,1691379354
132,tolanaro,-25.0319,46.9987,19.04,88,75,6.17,MG,1691379354
133,east london,-33.0153,27.9116,14.52,82,0,3.09,ZA,1691379232
134,laguna de perlas,12.3429,-83.6712,26.39,91,100,4.72,NI,1691379355
135,palmer,42.1584,-72.3287,20.23,81,0,2.06,US,1691379355
136,kenora,49.8167,-94.4337,20.54,52,20,4.12,CA,1691379355
137,mutuali,-14.8706,37.0044,14.87,90,2,1.31,MZ,1691379356
138,kananga,-5.8958,22.4178,22.24,37,40,1.75,CD,1691379356
139,guarapari,-20.6667,-40.4975,21.05,83,64,4.75,BR,1691379357
140,anadyr,64.75,177.4833,12.28,87,75,1.0,RU,1691379125
141,san antonio de pale,-1.4014,5.6325,23.16,80,100,4.8,GQ,1691379357
142,isafjordur,66.0755,-23.124,9.55,56,38,2.06,IS,1691379358
143,ceeldheer,3.8488,47.1806,24.52,83,57,8.85,SO,1691379358
144,visby,57.6409,18.296,20.12,94,20,6.69,SE,1691379358
145,kiunga,-6.1219,141.2906,28.56,57,85,2.16,PG,1691379358
146,susuman,62.7833,148.1667,8.52,47,78,5.97,RU,1691379359
147,saint-francois,46.4154,3.9054,10.69,93,0,0.0,FR,1691379359
148,fisterra,42.9049,-9.2629,17.08,71,2,8.89,ES,1691379359
149,pekanbaru,0.5333,101.45,30.18,66,40,4.63,ID,1691379026
150,quellon,-43.1167,-73.6167,0.14,100,68,0.0,CL,1691379360
151,saint-philippe,-21.3585,55.7679,20.77,70,49,6.76,RE,1691379360
152,sao joao da barra,-21.6403,-41.0511,21.33,82,2,8.58,BR,1691379360
153,salalah,17.0151,54.0924,25.05,100,100,2.57,OM,1691379360
154,okhotsk,59.3833,143.3,13.29,81,100,5.98,RU,1691379361
155,tazovsky,67.4667,78.7,18.61,50,40,1.93,RU,1691379361
156,kiruna,67.8557,20.2251,7.51,93,100,0.0,SE,1691379361
157,"poblacion, san felipe",14.5665,121.0308,32.26,71,20,8.75,PH,1691379362
158,colonia,50.9333,6.95,13.36,89,75,6.69,DE,1691379362
159,udachny,66.4167,112.4,18.03,55,96,4.01,RU,1691379362
160,newman,37.3138,-121.0208,33.99,62,0,0.89,US,1691379362
161,karlshamn,56.1706,14.8619,16.27,99,100,3.04,SE,1691379363
162,thunder bay,48.4001,-89.3168,17.99,82,75,1.03,CA,1691379363
163,pariaman,-0.619,100.12,30.03,70,13,1.54,ID,1691379363
164,jinchang,38.4953,102.1739,31.31,20,1,4.54,CN,1691379364
165,rongelap,11.1635,166.8941,28.58,75,100,5.1,MH,1691379364
166,howard springs,-12.497,131.047,30.95,21,32,4.79,AU,1691379364
167,happy valley-goose bay,53.3168,-60.3315,15.17,82,75,1.54,CA,1691379364
168,emerald,-23.5333,148.1667,24.29,32,0,4.67,AU,1691379365
169,gao,16.6362,1.637,28.28,59,96,3.4,ML,1691379365
170,jhang sadr,31.2715,72.3284,36.05,40,15,5.79,PK,1691379365
171,hawaiian paradise park,19.5933,-154.9731,28.18,75,0,3.09,US,1691379365
172,arraial do cabo,-22.9661,-42.0278,21.92,78,0,7.2,BR,1691379366
173,libres,19.4667,-97.6833,13.94,89,28,1.45,MX,1691379366
174,ndele,8.4109,20.6473,20.56,98,97,0.78,CF,1691379366
175,grand-bassam,5.2118,-3.7388,24.98,93,65,3.08,CI,1691379366
176,mbandaka,0.0487,18.2603,21.68,95,100,1.46,CD,1691379146
177,adler,43.43,39.92,25.09,73,0,4.0,RU,1691379367
178,severo-yeniseyskiy,60.3725,93.0408,12.42,88,100,2.57,RU,1691379367
179,al khafji,28.4391,48.4913,35.59,28,0,6.56,SA,1691379368
180,nizhniy odes,63.6445,54.856,19.43,67,3,4.45,RU,1691379368
181,hithadhoo,-0.6,73.0833,28.01,74,80,2.37,MV,1691379368
182,mariental,-24.6333,17.9667,11.96,27,2,4.74,NA,1691379368
183,inhambane,-23.865,35.3833,16.29,82,0,2.74,MZ,1691379369
184,asau,46.4333,26.4,16.51,89,99,4.35,RO,1691379369
185,masterton,-40.9597,175.6575,12.16,81,100,5.33,NZ,1691379369
186,waingapu,-9.6567,120.2641,28.49,51,3,8.68,ID,1691379370
187,jayapura,-2.5333,140.7,33.66,75,85,3.02,ID,1691379298
188,elliot lake,46.3834,-82.6331,15.61,66,100,0.74,CA,1691379370
189,vadso,70.0744,29.7487,15.09,77,0,1.03,NO,1691379371
190,boa vista,2.8197,-60.6733,28.99,70,0,1.03,BR,1691379371
191,alice springs,-23.7,133.8833,19.75,32,0,3.6,AU,1691379371
192,cabo san lucas,22.8909,-109.9124,29.17,74,75,0.0,MX,1691379371
193,dongola,19.1667,30.4833,31.88,41,3,2.46,SD,1691379372
194,el calafate,-50.3408,-72.2768,-3.32,63,100,0.8,AR,1691379372
195,jamestown,42.097,-79.2353,22.77,95,100,3.6,US,1691379372
196,sarangani,5.4033,125.4636,28.74,74,76,7.25,PH,1691379372
197,west island,-12.1568,96.8225,26.99,78,75,4.12,CC,1691379373
198,castillos,-34.1667,-53.8333,11.79,85,89,6.78,UY,1691379373
199,westport,41.1415,-73.3579,24.15,86,0,2.06,US,1691379148
200,ilheus,-14.7889,-39.0494,21.31,90,78,0.57,BR,1691379352
201,rio grande,-32.035,-52.0986,21.08,86,85,2.27,BR,1691379374
202,georgetown,5.4112,100.3354,30.96,79,20,2.06,MY,1691379118
203,saipan,15.1355,145.701,31.39,100,0,3.6,MP,1691379280
204,kapuskasing,49.4169,-82.4331,18.05,88,100,1.03,CA,1691379374
205,puerto baquerizo moreno,-0.9,-89.6,23.86,71,84,5.74,EC,1691379375
206,acapulco de juarez,16.8634,-99.8901,29.9,74,75,2.57,MX,1691379375
207,la estrella,6.1577,-75.6432,19.68,96,100,1.34,CO,1691379375
208,sirvintos,55.05,24.95,24.75,63,2,6.64,LT,1691379376
209,wailua homesteads,22.0669,-159.378,28.44,76,20,6.17,US,1691379376
210,carnarvon,-24.8667,113.6333,23.96,50,84,3.63,AU,1691379376
211,vila velha,-20.3297,-40.2925,21.97,86,40,3.09,BR,1691379172
212,ermelo,-26.5333,29.9833,3.66,42,0,1.69,ZA,1691379377
213,ola,59.5833,151.2833,16.75,47,100,2.81,RU,1691379377
214,kangding,30.0513,101.9603,19.7,81,98,1.95,CN,1691379327
215,nogliki,51.8333,143.1667,23.14,47,1,5.39,RU,1691379378
216,al burayqah,30.4062,19.5739,25.68,68,0,5.63,LY,1691379378
217,abepura,-2.6333,140.5833,33.45,52,40,4.12,ID,1691379379
218,ma'rib,15.4591,45.3253,30.24,33,58,3.05,YE,1691379379
219,puerto ayora,-0.7393,-90.3518,24.19,88,83,1.34,EC,1691379379
220,ribeira grande,38.5167,-28.7,20.99,85,11,2.24,PT,1691379379
221,merizo village,13.2658,144.6691,31.1,84,93,2.57,GU,1691379380
222,laguna,38.421,-121.4238,35.16,27,0,2.06,US,1691379380
223,yinchuan,38.4681,106.2731,32.92,24,9,1.27,CN,1691379314
224,tiksi,71.6872,128.8694,10.27,50,73,2.56,RU,1691379381
225,sultanah,24.4926,39.5857,28.25,13,0,2.06,SA,1691379381
226,makurazaki,31.2667,130.3167,29.15,75,100,9.27,JP,1691379381
227,longuyon,49.4455,5.6015,10.99,97,5,2.7,FR,1691379381
228,rosetta,31.4044,30.4164,27.07,70,0,2.84,EG,1691379382
229,barra de santo antonio,-9.4047,-35.5072,22.6,84,18,4.68,BR,1691379382
230,ha'il,27.5219,41.6907,28.01,18,0,0.0,SA,1691379382
231,eureka,40.8021,-124.1637,17.33,86,41,0.45,US,1691379383
232,savonlinna,61.8699,28.88,19.03,94,0,3.6,FI,1691379383
233,belokurikha,51.9959,84.9896,22.03,69,3,2.35,RU,1691379383
234,adiake,5.2863,-3.304,22.79,94,97,2.62,CI,1691379383
235,sinop,41.7711,34.8709,23.77,63,0,1.12,TR,1691379384
236,meadow lakes,61.6247,-149.6011,19.24,77,100,2.57,US,1691379384
237,minas de marcona,-15.2119,-75.1103,12.23,88,43,5.17,PE,1691379384
238,cradock,-32.1642,25.6192,8.7,86,13,0.4,ZA,1691379384
239,hammerfest,70.6634,23.6821,11.25,87,40,2.06,NO,1691379385
240,opuwo,-18.0607,13.84,12.37,27,0,3.75,NA,1691379385
241,kolwezi,-10.7148,25.4667,13.29,56,0,3.76,CD,1691379385
242,hell-ville,-13.4,48.2667,19.93,66,40,1.03,MG,1691379386
243,tadine,-21.55,167.8833,20.99,67,76,7.3,NC,1691379386
244,bilimbay,56.9689,59.8149,19.46,88,32,1.9,RU,1691379386
245,el dorado,38.7666,-120.5177,27.92,38,0,0.89,US,1691379387
246,orsk,51.2049,58.5668,19.5,77,75,5.0,RU,1691379387
247,mazeikiai,56.3167,22.3333,22.56,74,49,6.02,LT,1691379388
248,ammanford,51.7928,-3.9883,13.65,90,29,1.03,GB,1691379388
249,floha,50.8561,13.0741,14.16,94,100,1.79,DE,1691379388
250,saynshand,44.8824,110.1163,29.03,31,3,5.7,MN,1691379389
251,salmas,38.1973,44.7653,25.56,33,6,0.63,IR,1691379389
252,west mackay,-21.1481,149.1605,25.35,61,0,6.72,AU,1691379389
253,rio gallegos,-51.6226,-69.2181,0.03,74,0,7.2,AR,1691379390
254,port lincoln,-34.7333,135.8667,13.69,61,91,3.76,AU,1691379390
255,coahuayana de hidalgo,18.7,-103.6583,25.77,92,100,3.02,MX,1691379390
256,brisas de zicatela,15.8369,-97.0419,30.29,62,75,0.0,MX,1691379390
257,la ronge,55.1001,-105.2842,18.14,77,75,1.03,CA,1691379391
258,fenoarivo be,-18.4333,46.5667,11.85,82,2,1.73,MG,1691379391
259,sabzevar,36.2126,57.6819,25.6,50,0,5.14,IR,1691379391
260,horta,38.5333,-28.6333,20.57,85,13,2.24,PT,1691379392
261,byumba,-1.5763,30.0675,13.11,65,58,0.79,RW,1691379392
262,kingston,17.997,-76.7936,30.53,80,20,2.06,JM,1691379392
263,sumbawanga,-7.9667,31.6167,10.75,76,4,1.38,TZ,1691379392
264,constantia,44.1833,28.65,20.39,70,2,10.59,RO,1691379393
265,buala,-8.145,159.5921,27.67,78,53,3.61,SB,1691379393
266,san francisco de la paz,14.9,-86.2,26.84,95,99,1.2,HN,1691379394
267,thompson,55.7435,-97.8558,13.09,94,20,1.03,CA,1691379394
268,vorgashor,67.5833,63.95,19.56,83,99,2.32,RU,1691379394
269,rechka-vydrino,51.485,104.8461,13.63,94,97,1.69,RU,1691379394
270,ta`u,-14.2336,-169.5144,27.01,74,35,2.58,AS,1691379395
271,lihue,21.9789,-159.3672,28.77,69,20,6.17,US,1691379395
272,wewak,-3.5534,143.6268,28.35,72,91,3.32,PG,1691379395
273,manggar,-2.8833,108.2667,29.05,70,91,6.39,ID,1691379396
274,weno,7.4515,151.8468,29.97,79,100,2.06,FM,1691379396
275,san carlos,9.6612,-68.5827,23.25,95,100,0.93,VE,1691379396
276,bam,29.106,58.357,33.62,15,2,4.37,IR,1691379396
277,tindouf,27.6711,-8.1474,29.25,42,0,5.14,DZ,1691379397
278,praia,14.9215,-23.5087,26.3,83,75,1.54,CV,1691379305
279,sainte-rose,16.3324,-61.6979,26.02,94,59,1.54,GP,1691379397
280,jakobstad,63.6749,22.7026,18.09,83,80,0.45,FI,1691379398
281,toliara,-23.35,43.6667,19.36,63,6,2.53,MG,1691379398
282,murun-kuren,49.6342,100.1625,20.65,54,76,1.87,MN,1691379398
283,venezuela,8.0,-66.0,27.03,77,45,1.86,VE,1691379399
284,lazaro cardenas,17.9583,-102.2,27.74,78,58,2.48,MX,1691379399
285,linhares,-19.3911,-40.0722,18.62,92,73,1.14,BR,1691379400
286,souillac,-20.5167,57.5167,22.21,60,40,5.14,MU,1691379400
287,ibshaway,29.358,30.6814,28.17,42,0,4.4,EG,1691379400
288,tosya,41.0155,34.0401,22.27,52,0,1.08,TR,1691379401
289,labytnangi,66.6572,66.4183,24.13,55,0,0.22,RU,1691379402
290,porvoo,60.3923,25.6651,22.35,95,1,5.2,FI,1691379402
291,bobo-dioulasso,11.1771,-4.2979,23.25,100,20,2.06,BF,1691379403
292,fortuna,40.5982,-124.1573,17.18,91,0,4.12,US,1691379403
293,petukhovo,55.0692,67.9019,23.07,44,39,4.54,RU,1691379404
294,santo antonio,-6.3106,-35.4789,21.06,97,25,3.63,BR,1691379404
295,freetown,8.484,-13.2299,24.51,88,100,1.28,SL,1691379404
296,tefe,-3.3542,-64.7114,26.6,69,95,1.05,BR,1691379405
297,twentynine palms,34.1356,-116.0542,36.08,8,0,2.68,US,1691379405
298,ancud,-41.8697,-73.8203,4.45,89,3,3.13,CL,1691379405
299,galle,6.0367,80.217,28.19,76,68,6.0,LK,1691379405
300,bir el ater,34.7449,8.0602,20.19,56,0,1.55,DZ,1691379406
301,sedhiou,12.7081,-15.5569,24.58,96,100,1.65,SN,1691379406
302,bodo,67.28,14.405,12.02,88,40,1.54,NO,1691379406
303,panambi,-28.2925,-53.5017,18.49,64,2,3.52,BR,1691379407
304,camabatela,-8.1881,15.375,13.09,81,2,0.8,AO,1691379407
305,funafuti,-8.5243,179.1942,28.43,73,1,4.48,TV,1691379407
306,tselinnoye,53.0833,85.6667,22.31,39,36,3.4,RU,1691379408
307,priozersk,61.0393,30.1291,20.62,92,9,1.79,RU,1691379408
308,nabire,-3.3667,135.4833,30.27,58,65,2.8,ID,1691379408
309,dudinka,69.4058,86.1778,22.21,44,4,2.37,RU,1691379408
310,geidam,12.897,11.9304,23.85,81,85,3.53,NG,1691379409
311,crane,31.3974,-102.3501,32.46,29,0,7.68,US,1691379409
312,slaton,33.4373,-101.6435,32.34,35,10,6.1,US,1691379409
313,hadibu,12.65,54.0333,25.77,79,78,11.16,YE,1691379410
314,slavyanka,42.8633,131.3847,18.0,88,100,5.05,RU,1691379410
315,ulladulla,-35.35,150.4667,14.63,65,45,2.88,AU,1691379386
316,atafu village,-8.5421,-172.5159,28.55,78,15,5.8,TK,1691379411
317,kailua-kona,19.6406,-155.9956,28.98,75,40,4.63,US,1691379411
318,hwaseong-si,37.2068,126.8169,34.91,62,7,1.61,KR,1691379411
319,castlegar,49.2998,-117.6689,24.38,91,98,1.25,CA,1691379411
320,kitimat,54.0524,-128.6534,27.21,63,11,3.58,CA,1691379412
321,salavan,15.7167,106.4167,27.94,82,98,3.95,LA,1691379412
322,kadipur,26.1667,82.3833,28.66,75,100,5.26,IN,1691379412
323,micheweni,-4.9667,39.8333,23.44,85,13,5.08,TZ,1691379413
324,tazacorte,28.629,-17.9293,21.54,86,75,1.79,ES,1691379413
325,magadan,59.5667,150.8,16.41,49,98,1.16,RU,1691379414
326,mizan teferi,6.9833,35.5833,17.53,80,94,0.99,ET,1691379414
327,las tablas,7.7667,-80.2833,26.76,99,100,1.69,PA,1691379414
328,baiti,13.745,-14.7482,24.01,95,98,2.52,SN,1691379414
329,hasaki,35.7333,140.8333,37.38,78,22,5.01,JP,1691379117
330,chichen-itza,20.6667,-88.5667,24.42,94,37,1.58,MX,1691379415
331,okahao,-17.885,15.0667,11.95,31,0,4.17,NA,1691379415
332,fukuecho,32.6881,128.8419,33.2,62,40,4.12,JP,1691379416
333,kayangel,8.0823,134.7173,27.08,81,100,9.72,PW,1691379416
334,tvoroyri,61.5556,-6.8111,11.21,89,83,5.37,FO,1691379416
335,caxias,38.7031,-9.2767,27.63,52,0,2.06,PT,1691379417
336,queenstown,-31.8976,26.8753,7.06,70,2,0.99,ZA,1691379006
337,eyl,7.9803,49.8164,25.95,68,68,12.19,SO,1691379417
338,greymouth,-42.4667,171.2,9.74,70,78,5.4,NZ,1691379417
339,olinda,-8.0089,-34.8553,23.85,88,40,6.69,BR,1691379418
340,jonquiere,48.4165,-71.2488,18.06,77,22,2.06,CA,1691379418
341,lapovo,44.1842,21.0973,13.32,92,23,1.5,RS,1691379419
342,nemuro,43.3236,145.575,15.26,97,100,5.48,JP,1691379349
343,pancas,-19.225,-40.8514,18.07,94,72,1.08,BR,1691379419
344,puerto deseado,-47.7503,-65.8938,0.72,67,6,6.2,AR,1691379420
345,ceerigaabo,10.6162,47.368,18.32,60,17,10.3,SO,1691379420
346,ambon,-3.6954,128.1814,28.08,95,40,3.09,ID,1691379420
347,guerrero negro,27.9769,-114.0611,22.9,69,5,4.98,MX,1691379421
348,berezovyy,51.6667,135.7,29.44,22,0,2.03,RU,1691379421
349,shadegan,30.6497,48.6647,29.97,16,2,4.8,IR,1691379421
350,sterling,39.0062,-77.4286,23.89,90,75,5.36,US,1691379184
351,uthal,25.8072,66.6219,29.36,70,45,2.42,PK,1691379422
352,strezhevoy,60.7333,77.5889,22.55,44,18,3.91,RU,1691379422
353,wau,7.7029,27.9953,21.34,91,82,1.6,SS,1691379423
354,mayo-belwa,9.05,12.05,21.89,94,100,1.35,NG,1691379423
355,cape coast,5.1053,-1.2466,23.06,93,98,3.05,GH,1691379424
356,madang,-5.2246,145.7966,28.12,70,84,3.73,PG,1691379424
357,pavlovo,55.9686,43.0912,20.97,74,0,2.8,RU,1691379424
358,noumea,-22.2763,166.4572,22.99,67,53,6.51,NC,1691378829
359,mar del plata,-38.0023,-57.5575,10.05,75,0,8.23,AR,1691379425
360,ernee,48.2976,-0.9314,11.75,95,1,2.34,FR,1691379426
361,sibut,5.718,19.0739,20.73,98,100,0.88,CF,1691379426
362,balabac,7.9868,117.0645,30.37,69,32,6.19,PH,1691379426
363,fort mcmurray,56.7268,-111.381,18.77,72,20,2.06,CA,1691379427
364,margate,51.3813,1.3862,13.72,82,3,2.68,GB,1691379427
365,luganville,-15.5333,167.1667,24.95,74,62,4.64,VU,1691379428
366,tangalle,6.024,80.7911,31.09,66,85,6.81,LK,1691379428
367,pervomayskoye,43.919,46.7102,30.73,47,0,6.24,RU,1691379429
368,carlsbad,33.1581,-117.3506,23.66,88,100,3.09,US,1691379429
369,aquidauana,-20.4711,-55.7872,25.96,31,99,1.81,BR,1691379429
370,rzhaksa,52.1338,42.0264,21.18,63,0,4.92,RU,1691379429
371,magdagachi,53.45,125.8,28.06,23,50,2.63,RU,1691379430
372,ust'-uda,54.1742,103.0304,19.56,75,91,2.83,RU,1691379431
373,argostolion,38.1811,20.489,24.3,74,10,2.41,GR,1691379431
374,patacamaya,-17.2333,-67.9167,7.15,43,53,2.4,BO,1691379431
375,male,4.1748,73.5089,29.97,74,75,4.63,MV,1691379431
376,tralee,52.2704,-9.7026,10.92,86,100,1.78,IE,1691379432
377,kingscliff,-28.2667,153.5667,20.43,60,40,6.17,AU,1691379432
378,qarqaraly,49.4058,75.4742,21.56,55,12,1.74,KZ,1691379432
379,sparti,37.0733,22.4297,21.64,69,0,2.12,GR,1691379432
380,urengoy,65.9667,78.3667,23.36,39,0,4.9,RU,1691379433
381,xining,36.6167,101.7667,22.15,46,0,0.68,CN,1691379433
382,mbanza kongo,-6.267,14.2401,20.62,77,87,1.9,AO,1691379433
383,dakhla,23.6848,-15.958,19.51,93,2,4.41,EH,1691379434
384,ladyzhyn,48.685,29.2368,18.45,89,18,5.81,UA,1691379434
385,kuusamo,65.9667,29.1833,15.3,78,90,4.65,FI,1691379435
386,smirnykh,49.75,142.8333,24.01,38,0,2.06,RU,1691379435
387,bir el hafey,34.9321,9.1932,22.46,68,0,0.5,TN,1691379435
388,mendefera,14.8872,38.8153,15.6,89,15,0.15,ER,1691379436
389,kapa'a,22.0752,-159.319,29.18,76,20,6.17,US,1691379436
390,wynyard,-41.0,145.7167,12.25,62,26,2.33,AU,1691379436
391,ashland,40.8167,-82.2665,21.26,90,24,2.97,US,1691379436
392,itaituba,-4.2761,-55.9836,26.62,60,60,0.56,BR,1691379437
393,as sulayyil,20.4607,45.5779,31.14,11,2,4.48,SA,1691379437
394,korla,41.7597,86.1469,34.82,15,59,8.08,CN,1691379318
395,ugoofaaru,5.6667,73.0,28.17,75,97,6.37,MV,1691379437
396,cabedelo,-6.9811,-34.8339,24.37,83,37,5.36,BR,1691379438
397,taoudenni,22.6783,-3.9836,37.26,11,22,7.1,ML,1691379439
398,chignahuapan,19.8333,-98.0333,13.61,95,75,0.7,MX,1691379439
399,muriti,-1.9833,32.9167,22.01,63,96,8.67,TZ,1691379439
400,el charco,2.4769,-78.1105,24.67,92,100,1.59,CO,1691379440
401,jutai,-5.1833,-68.9,24.26,82,96,0.95,BR,1691379440
402,arkhangel'sk,64.5401,40.5433,15.69,80,86,2.77,RU,1691379440
403,victorica,-36.2151,-65.4359,9.32,25,0,4.65,AR,1691379441
404,gazli,40.1333,63.45,30.61,25,3,4.86,UZ,1691379441
405,oruro,-17.9833,-67.15,3.8,32,29,1.57,BO,1691379441
406,murray bridge,-35.1167,139.2667,14.63,54,50,1.58,AU,1691379441
407,yayva,59.3303,57.2641,21.77,78,5,3.35,RU,1691379442
408,farah,32.5,62.5,30.28,21,0,8.68,AF,1691379442
409,diok'nisi,41.6293,42.3917,24.78,62,0,0.83,GE,1691379442
410,fonte boa,-2.4959,-66.2662,25.71,78,97,1.48,BR,1691379443
411,valera,9.3178,-70.6036,23.84,81,85,2.71,VE,1691379443
412,bandar seri begawan,4.9403,114.9481,29.99,79,75,5.81,BN,1691379444
413,luderitz,-26.6481,15.1594,15.69,65,0,4.32,NA,1691379444
414,sisimiut,66.9395,-53.6735,7.74,76,56,0.6,GL,1691379444
415,wellington,-41.2866,174.7756,13.92,89,75,7.2,NZ,1691378803
416,morigaon,26.3796,92.3415,25.79,95,100,2.35,IN,1691379445
417,banff,51.1762,-115.5698,15.57,94,97,0.51,CA,1691379445
418,paka,4.6374,103.4368,30.96,74,40,2.06,MY,1691379445
419,arkalyk,50.2486,66.9114,24.83,48,33,4.28,KZ,1691379446
420,pandan,14.0453,124.1694,32.25,64,51,4.7,PH,1691379446
421,sechelt,49.4664,-123.7694,22.4,82,72,1.43,CA,1691379446
422,road town,18.4167,-64.6167,29.05,81,52,9.96,VG,1691379447
423,parham,17.0968,-61.7705,27.83,56,75,2.06,AG,1691379447
424,bathurst,-33.4166,149.5806,16.65,46,22,1.34,AU,1691379448
425,mugia,43.1041,-9.2179,17.17,75,2,10.49,ES,1691379449
426,hwange,-18.3693,26.5019,13.75,76,6,1.27,ZW,1691379449
427,edd,13.9297,41.6925,33.36,58,38,1.26,ER,1691379449
428,bardai,11.65,7.2333,20.87,93,99,3.55,NG,1691379449
429,howrah,22.5892,88.3103,28.0,89,100,2.06,IN,1691379450
430,abingdon,51.6711,-1.2828,11.18,93,1,1.03,GB,1691379450
431,namibe,-15.1961,12.1522,17.66,78,0,1.85,AO,1691379450
432,bleckede,53.3,10.7333,14.51,89,100,5.22,DE,1691379450
433,kamen'-na-obi,53.7884,81.3423,22.88,37,0,3.54,RU,1691379451
434,lompoc,34.6391,-120.4579,24.08,94,100,2.06,US,1691379451
435,sola,-13.8833,167.55,27.37,74,75,3.09,VU,1691379451
436,vigan,17.5747,120.3869,30.52,73,97,7.84,PH,1691379452
437,codrington,-38.2667,141.9667,13.67,63,6,2.14,AU,1691379452
438,sitka,57.0531,-135.33,16.94,82,100,3.09,US,1691379453
439,mitu,1.1983,-70.1733,21.65,98,81,0.67,CO,1691379453
440,preobrazheniye,42.9019,133.9064,20.81,68,89,7.08,RU,1691379454
441,fort bragg,35.139,-79.006,27.85,80,75,4.63,US,1691379454
442,sao vicente,-23.9631,-46.3919,26.26,26,0,2.04,BR,1691379454
443,richards bay,-28.783,32.0377,14.46,83,0,1.81,ZA,1691379455
444,santa ana,33.7456,-117.8678,28.36,83,20,3.6,US,1691379455
445,monticello,45.3055,-93.7941,20.19,94,100,0.0,US,1691379455
446,hashtpar,37.8008,48.9037,29.5,51,5,0.89,IR,1691379456
447,saint-paul,-21.0096,55.2707,21.06,90,30,0.45,RE,1691379456
448,tura,25.5198,90.2201,24.23,98,100,2.23,IN,1691379457
449,bamboo flat,11.7,92.7167,30.05,79,40,6.17,IN,1691379457
450,mombasa,-4.0547,39.6636,22.23,94,20,3.09,KE,1691379457
451,katsuren-haebaru,26.3369,127.8719,28.21,89,100,9.26,JP,1691379458
452,aras-asan,8.8908,126.3033,30.55,61,82,1.77,PH,1691379458
453,libreville,0.3925,9.4537,24.01,83,40,3.09,GA,1691379458
454,kralendijk,12.15,-68.2667,28.99,84,30,7.2,BQ,1691379459
455,shohimardon,39.9839,71.8028,18.43,75,100,1.61,UZ,1691379460
456,dunedin,-45.8742,170.5036,6.22,88,93,6.83,NZ,1691379288
457,sabang,5.8933,95.3214,28.33,74,100,7.93,ID,1691379460
458,la sarre,48.8002,-79.1996,15.27,62,100,1.95,CA,1691379461
459,vallenar,-28.5708,-70.7581,16.75,55,100,0.35,CL,1691379461
460,kenai,60.5544,-151.2583,16.05,96,100,3.6,US,1691379461
461,semey,50.4111,80.2275,21.12,73,0,2.0,KZ,1691379462
462,bloomfield,40.8068,-74.1854,24.81,74,0,4.12,US,1691379462
463,solnechnyy,50.7214,136.6319,26.69,25,0,2.8,RU,1691379462
464,nova sintra,14.8667,-24.7167,22.79,81,96,4.35,CV,1691379463
465,saudarkrokur,65.7461,-19.6394,9.42,87,77,0.92,IS,1691379463
466,torbat-e heydariyeh,35.274,59.2195,25.36,33,0,4.67,IR,1691379463
467,salekhard,66.53,66.6019,23.96,49,0,0.6,RU,1691379463
468,mil'kovo,55.6078,37.7956,22.28,75,0,4.62,RU,1691379464
469,kruisfontein,-34.0033,24.7314,10.65,85,18,2.43,ZA,1691379464
470,tokmok,42.8417,75.3016,26.09,36,100,0.33,KG,1691379464
471,josenii bargaului,47.2167,24.6833,12.97,98,100,3.1,RO,1691379465
472,gjovik,60.7947,10.6929,12.89,95,100,5.24,NO,1691379466
473,mount isa,-20.7333,139.5,24.87,27,0,5.66,AU,1691379466
474,revda,56.801,59.9303,19.32,88,38,2.12,RU,1691379466
475,firuzabad,28.8438,52.5707,30.6,26,4,1.54,IR,1691379467
476,tual,-5.6667,132.75,25.52,80,12,9.66,ID,1691379467
477,priob'ye,62.5206,65.5964,22.99,47,18,1.35,RU,1691379468
478,xaltianguis,17.0667,-99.8333,25.73,91,46,1.2,MX,1691379469
479,valencia,39.3333,-0.8333,22.17,94,1,1.12,ES,1691379469
480,diapaga,12.0708,1.7889,22.72,97,100,2.13,BF,1691379469
481,kill devil hills,36.0307,-75.676,26.01,87,0,4.63,US,1691379469
482,bikenibeu village,1.3673,173.1241,30.98,70,40,3.09,KI,1691379470
483,tilaran,10.4703,-84.9671,23.93,91,100,3.01,CR,1691379470
484,porto novo,6.4965,2.6036,24.9,90,100,3.55,BJ,1691379249
485,saint-felicien,48.6501,-72.4491,15.38,88,0,1.54,CA,1691379470
486,gnarrenburg,53.3833,9.0,15.04,93,100,4.74,DE,1691379471
487,truth or consequences,33.1284,-107.2528,36.13,15,0,3.09,US,1691379471
488,zarah sharan,33.1467,68.7917,23.5,23,0,2.35,AF,1691379471
489,knysna,-34.0363,23.0471,11.86,72,0,2.26,ZA,1691379472
490,vorkuta,67.5,64.0,19.85,82,100,2.16,RU,1691379472
491,hotan,37.0997,79.9269,27.3,33,81,6.14,CN,1691379260
492,sao tome,0.3365,6.7273,23.51,79,94,2.65,ST,1691379473
493,phang nga,8.4509,98.5298,30.02,63,97,2.81,TH,1691379473
494,langnau,46.9394,7.7874,10.4,95,87,1.89,CH,1691379474
495,kaa-khem,51.6833,94.7333,22.76,51,39,1.66,RU,1691379474
496,menongue,-14.6585,17.691,8.43,56,0,1.73,AO,1691379474
497,lagunillas,10.1301,-71.2595,28.35,73,84,1.38,VE,1691379475
498,celendin,-6.8703,-78.1517,11.39,86,16,1.46,PE,1691379475
499,tamanrasset,22.785,5.5228,27.95,28,20,1.03,DZ,1691379475
500,okha,53.5739,142.9478,22.97,45,11,4.78,RU,1691379476
501,buta,2.7858,24.73,21.19,99,86,0.92,CD,1691379476
502,abu jibeha,11.4562,31.2285,22.1,79,85,0.76,SD,1691379476
503,ma'an,26.9775,110.7211,31.8,63,71,1.93,CN,1691379476
504,gobernador galvez,-33.0302,-60.6405,14.95,50,0,6.69,AR,1691379477
505,makokou,0.5738,12.8642,20.15,95,92,1.44,GA,1691379477
506,bahula,23.6518,87.1647,26.95,94,100,1.54,IN,1691379477
507,sassandra,4.95,-6.0833,22.84,93,93,2.15,CI,1691379478
508,tianshui,34.5439,105.6897,23.41,56,100,0.51,CN,1691379478
509,igrim,63.1906,64.4162,22.69,57,50,1.92,RU,1691379478
510,bandon,51.7469,-8.7425,11.77,82,100,1.68,IE,1691379479
511,lata,40.1629,-8.3327,17.26,42,0,1.97,PT,1691379479
512,damara,4.9608,18.7035,20.49,97,91,0.93,CF,1691379479
513,borovskoy,53.8,64.15,22.37,72,97,3.89,KZ,1691379480
514,xinmin,41.9908,122.8253,26.27,61,7,3.27,CN,1691379480
515,lensk,60.7253,114.9278,26.47,56,48,2.74,RU,1691379245
516,carloforte,39.145,8.3058,22.61,62,1,8.46,IT,1691379481
517,olyokminsk,60.3736,120.4264,29.87,39,97,0.82,RU,1691379481
518,egilsstadir,65.2653,-14.3948,1.95,100,100,0.51,IS,1691379482
519,holualoa,19.6228,-155.9522,26.91,75,40,4.63,US,1691379482
520,sandnessjoen,66.0217,12.6316,12.06,87,75,4.63,NO,1691379483
521,island harbour,50.724,-1.2758,13.29,94,0,0.45,GB,1691379483
522,sabha,27.0377,14.4283,27.46,35,0,6.97,LY,1691379483
523,lakhnadon,22.6,79.6,25.72,78,92,7.22,IN,1691379484
524,mahdia,35.5047,11.0622,25.97,58,0,5.89,TN,1691379484
525,dumai,1.6833,101.45,31.82,58,43,1.61,ID,1691379484
526,juneau,58.3019,-134.4197,24.0,100,75,3.09,US,1691379484
527,amqui,48.4638,-67.4313,12.56,99,49,1.54,CA,1691379485
528,walvis bay,-22.9575,14.5053,12.53,87,0,1.03,NA,1691379486
529,hilo,19.7297,-155.09,27.85,76,0,3.09,US,1691379486
530,brownfield,33.1812,-102.2744,26.48,44,51,8.62,US,1691379486
531,bugana,7.9992,7.5836,22.74,96,100,1.23,NG,1691379487
532,gujar khan,33.2558,73.3026,29.19,57,7,3.64,PK,1691379488
533,callao,-12.0667,-77.15,20.4,77,100,5.66,PE,1691379488
534,moroni,-11.7022,43.2551,24.0,69,20,1.03,KM,1691379198
535,turuntayevo,52.2,107.6167,22.05,81,100,1.69,RU,1691379489
536,artigas,-30.4,-56.4667,20.26,66,40,3.44,UY,1691379489
537,ad dilam,23.9915,47.1627,32.23,24,6,2.91,SA,1691379489
538,hazorasp,41.3194,61.0742,24.91,29,1,3.84,UZ,1691379489
539,at taj,24.2049,23.2857,30.09,21,100,4.67,LY,1691379490
540,mount gambier,-37.8333,140.7667,14.4,53,7,1.62,AU,1691379215
541,belozersk,60.0326,37.7957,20.36,88,0,2.94,RU,1691379490
542,mabopane,-25.4977,28.1007,9.26,37,0,1.27,ZA,1691379490
543,soe,-9.8607,124.284,24.43,45,7,5.44,ID,1691379491
544,impfondo,1.6381,18.0667,21.9,98,100,0.67,CG,1691379491
545,borogontsy,62.6683,131.1683,22.55,32,8,2.66,RU,1691379491
546,ilam,26.9167,87.9167,23.41,88,100,1.32,NP,1691379491
547,ishigaki,24.3448,124.1572,33.07,70,40,4.12,JP,1691379492
548,roma,43.2128,-75.4557,22.15,71,0,3.09,US,1691379492
549,wuhai,39.6647,106.8122,32.87,25,4,4.96,CN,1691379492
